seed,device,total_labels,arm,overall_accuracy,common_accuracy,rare_rule_accuracy,stochastic_pocket_accuracy,active_experts,birth_count,rare_rule_births,stochastic_false_births,surprise_rate,proposal_count,stochastic_rejections,expected_uncertainty_expert_0,rare_switch_margin_mean,stochastic_switch_margin_mean,forward_work,backward_work
0,cuda,512,single,0.8370000123977661,0.9472306966781616,0.46518105268478394,0.49425286054611206,1,0,0,0,0.0,0,0,0.38910505836575876,,,4024,512
0,cuda,512,plain_single,0.824999988079071,0.9079807996749878,0.6183843612670898,0.4913793206214905,1,0,0,0,0.0,0,0,0.3151750972762646,,,4024,512
0,cuda,512,raw_loss,0.7823333144187927,0.873964250087738,0.5125347971916199,0.4568965435028076,2,1,0,0,0.1484375,1,0,0.4260485651214128,,,18353,14212
0,cuda,512,expected_only,0.8370000123977661,0.9472306966781616,0.46518105268478394,0.49425286054611206,1,0,0,0,0.0546875,0,0,0.35390946502057613,,,4024,512
0,cuda,512,unvalidated,0.8370000123977661,0.9472306966781616,0.46518105268478394,0.49425286054611206,1,0,0,0,0.0546875,0,0,0.35390946502057613,,,4024,512
0,cuda,512,joint,0.8370000123977661,0.9472306966781616,0.46518105268478394,0.49425286054611206,1,0,0,0,0.0546875,0,0,0.35390946502057613,,,4024,512
0,cuda,512,prototype_joint,0.824999988079071,0.9079807996749878,0.6183843612670898,0.4913793206214905,1,0,0,0,0.029296875,0,0,0.29458917835671344,,,4024,512
0,cuda,512,environment_oracle,0.8993332982063293,0.9537723660469055,0.9442896842956543,0.49425286054611206,3,0,0,0,0.0,0,0,,,,17048,5760
0,cuda,1024,single,0.8420000076293945,0.9441779255867004,0.5487465262413025,0.4712643623352051,1,0,0,0,0.0,0,0,0.14007782101167315,,,5048,1024
0,cuda,1024,plain_single,0.8396666646003723,0.9411251544952393,0.5571030378341675,0.46264368295669556,1,0,0,0,0.0,0,0,0.16342412451361868,,,5048,1024
0,cuda,1024,raw_loss,0.809666633605957,0.8966419696807861,0.6128133535385132,0.4396551847457886,2,1,0,0,0.0986328125,1,0,0.3443579766536965,,,19809,14644
0,cuda,1024,expected_only,0.8420000076293945,0.9441779255867004,0.5487465262413025,0.4712643623352051,1,0,0,0,0.0888671875,0,0,0.0311284046692607,,,5048,1024
0,cuda,1024,unvalidated,0.8846666812896729,0.9437417984008789,0.9080779552459717,0.4712643623352051,3,2,1,1,0.0888671875,2,0,0.07392996108949416,22.520230290645788,-17.701262843902857,82285,76564
0,cuda,1024,joint,0.8846666812896729,0.9437417984008789,0.9080779552459717,0.4712643623352051,2,1,1,0,0.0888671875,2,1,0.13618677042801555,24.090633976165503,-17.701262843902857,64825,59104
0,cuda,1024,prototype_joint,0.8396666646003723,0.9411251544952393,0.5571030378341675,0.46264368295669556,1,0,0,0,0.0712890625,1,1,0.12840466926070038,,-7.1306251409609605,9502,4624
0,cuda,1024,environment_oracle,0.9163333177566528,0.9729611873626709,0.9693593382835388,0.4885057508945465,3,0,0,0,0.0,0,0,,,,19096,5760
0,cuda,1536,single,0.8700000047683716,0.9677278399467468,0.6545960903167725,0.4482758641242981,1,0,0,0,0.0,0,0,0.1614785992217899,,,6072,1536
0,cuda,1536,plain_single,0.8799999952316284,0.970780611038208,0.7130919098854065,0.45402297377586365,1,0,0,0,0.0,0,0,0.122568093385214,,,6072,1536
0,cuda,1536,raw_loss,0.8516666293144226,0.9184474349021912,0.7938718795776367,0.4712643623352051,3,2,0,1,0.08268229166666667,2,0,0.4708171206225681,,-23.81652701932059,60545,53256
0,cuda,1536,expected_only,0.8700000047683716,0.9677278399467468,0.6545960903167725,0.4482758641242981,1,0,0,0,0.13671875,0,0,0.0019455252918287938,,,6072,1536
0,cuda,1536,unvalidated,0.8989999890327454,0.9699084162712097,0.8662952780723572,0.4655172526836395,3,2,1,1,0.059895833333333336,2,0,0.16536964980544747,21.918938634151647,-17.701262843902857,84333,77076
0,cuda,1536,joint,0.8946666717529297,0.9703445434570312,0.8300835490226746,0.46264368295669556,2,1,1,0,0.060546875,2,1,0.16536964980544747,24.090633976165503,-17.701262843902857,66361,59616
0,cuda,1536,prototype_joint,0.8799999952316284,0.970780611038208,0.7130919098854065,0.45402297377586365,1,0,0,0,0.0859375,3,2,0.16731517509727625,,-7.54232199221447,16659,9536
0,cuda,1536,environment_oracle,0.903333306312561,0.9607501029968262,0.9442896842956543,0.48275861144065857,3,0,0,0,0.0,0,0,,,,21144,5760
0,cuda,2048,single,0.8146666288375854,0.8848670125007629,0.7047353386878967,0.4655172526836395,1,0,0,0,0.0,0,0,0.1614785992217899,,,7096,2048
0,cuda,2048,plain_single,0.8193333148956299,0.8735281229019165,0.8272980451583862,0.45402297377586365,1,0,0,0,0.0,0,0,0.12840466926070038,,,7096,2048
0,cuda,2048,raw_loss,0.8346666693687439,0.8992586135864258,0.6991643309593201,0.5488505959510803,3,2,0,1,0.0634765625,2,0,0.245136186770428,,-27.419380079089265,62176,53348
0,cuda,2048,expected_only,0.8146666288375854,0.8848670125007629,0.7047353386878967,0.4655172526836395,1,0,0,0,0.19287109375,0,0,0.0019455252918287938,,,7096,2048
0,cuda,2048,unvalidated,0.9126666784286499,0.9725250601768494,0.9582172632217407,0.4712643623352051,3,2,1,1,0.04638671875,2,0,0.17315175097276264,22.520230290645788,-17.701262843902857,86381,77588
0,cuda,2048,joint,0.902999997138977,0.9725250601768494,0.8830083608627319,0.4655172526836395,2,1,1,0,0.0478515625,2,1,0.16926070038910507,24.77091656893894,-17.701262843902857,67897,60128
0,cuda,2048,prototype_joint,0.8193333148956299,0.8735281229019165,0.8272980451583862,0.45402297377586365,1,0,0,0,0.0927734375,3,2,0.033073929961089495,,-7.54232199221447,17683,10048
0,cuda,2048,environment_oracle,0.9116666316986084,0.9642390012741089,0.9916434288024902,0.48275861144065857,3,0,0,0,0.0,0,0,,,,23192,5760
0,cuda,2560,single,0.875,0.9511556625366211,0.7938718795776367,0.4568965435028076,1,0,0,0,0.0,0,0,0.16731517509727625,,,8120,2560
0,cuda,2560,plain_single,0.8713333010673523,0.9581334590911865,0.688022255897522,0.4885057508945465,1,0,0,0,0.0,0,0,0.1517509727626459,,,8120,2560
0,cuda,2560,raw_loss,0.856333315372467,0.9158307909965515,0.8412256240844727,0.4798850417137146,3,2,0,1,0.065234375,3,0,0.24319066147859922,,-25.556863675891023,64124,53760
0,cuda,2560,expected_only,0.875,0.9511556625366211,0.7938718795776367,0.4568965435028076,1,0,0,0,0.22265625,0,0,0.13229571984435798,,,8120,2560
0,cuda,2560,unvalidated,0.8899999856948853,0.9585695266723633,0.8802227973937988,0.4482758641242981,3,2,1,1,0.038671875,2,0,0.14980544747081712,22.520230290645788,-17.701262843902857,88429,78100
0,cuda,2560,joint,0.8853332996368408,0.9555168151855469,0.8579387068748474,0.45114943385124207,2,1,1,0,0.03984375,2,1,0.1517509727626459,24.090633976165503,-17.701262843902857,69433,60640
0,cuda,2560,prototype_joint,0.8776666522026062,0.9629306793212891,0.7214484810829163,0.477011501789093,2,1,0,0,0.08984375,5,3,0.2140077821011673,,-8.50124519234583,30704,20400
0,cuda,2560,environment_oracle,0.9196666479110718,0.9755778312683105,0.9805013537406921,0.4885057508945465,3,0,0,0,0.0,0,0,,,,25240,5760
0,cuda,4096,single,0.8846666812896729,0.9590056538581848,0.80501389503479,0.477011501789093,1,0,0,0,0.0,0,0,0.14980544747081712,,,11192,4096
0,cuda,4096,plain_single,0.9176666736602783,0.9799389243125916,0.9275766015052795,0.49712643027305603,1,0,0,0,0.0,0,0,0.10505836575875487,,,11192,4096
0,cuda,4096,raw_loss,0.8999999761581421,0.9681639671325684,0.8718662858009338,0.4798850417137146,3,2,0,1,0.0546875,4,1,0.1575875486381323,,-25.556863675891023,70268,55296
0,cuda,4096,expected_only,0.8846666812896729,0.9590056538581848,0.80501389503479,0.477011501789093,1,0,0,0,0.18212890625,0,0,0.08560311284046693,,,11192,4096
0,cuda,4096,unvalidated,0.8996666669845581,0.953336238861084,0.9665737748146057,0.477011501789093,3,2,1,1,0.025634765625,2,0,0.17509727626459143,22.520230290645788,-17.701262843902857,94573,79636
0,cuda,4096,joint,0.90666663646698,0.9629306793212891,0.9721448421478271,0.4683907926082611,2,1,1,0,0.028076171875,2,1,0.16536964980544747,24.090633976165503,-17.701262843902857,74041,62176
0,cuda,4096,prototype_joint,0.9176666736602783,0.9777584075927734,0.9303621053695679,0.5086206793785095,2,1,0,0,0.069091796875,6,4,0.10116731517509728,,-7.189482014712994,38477,24256
0,cuda,4096,environment_oracle,0.8856666684150696,0.9376362562179565,0.9693593382835388,0.4568965435028076,3,0,0,0,0.0,0,0,,,,31384,5760
1,cuda,512,single,0.7333333492279053,0.7970430254936218,0.5879265069961548,0.5090439319610596,1,0,0,0,0.0,0,0,0.38715953307393,,,4024,512
1,cuda,512,plain_single,0.7379999756813049,0.7997311949729919,0.6220472455024719,0.4961240291595459,1,0,0,0,0.0,0,0,0.35992217898832685,,,4024,512
1,cuda,512,raw_loss,0.7643333077430725,0.8427419066429138,0.5669291019439697,0.5064599514007568,2,1,0,0,0.140625,1,0,0.3912087912087912,,,17103,12972
1,cuda,512,expected_only,0.7333333492279053,0.7970430254936218,0.5879265069961548,0.5090439319610596,1,0,0,0,0.03125,0,0,0.3674698795180723,,,4024,512
1,cuda,512,unvalidated,0.7333333492279053,0.7970430254936218,0.5879265069961548,0.5090439319610596,1,0,0,0,0.03125,0,0,0.3674698795180723,,,4024,512
1,cuda,512,joint,0.7333333492279053,0.7970430254936218,0.5879265069961548,0.5090439319610596,1,0,0,0,0.03125,0,0,0.3674698795180723,,,4024,512
1,cuda,512,prototype_joint,0.7379999756813049,0.7997311949729919,0.6220472455024719,0.4961240291595459,1,0,0,0,0.03515625,0,0,0.33669354838709675,,,4024,512
1,cuda,512,environment_oracle,0.8856666684150696,0.9493727684020996,0.9055117964744568,0.49870800971984863,3,0,0,0,0.0,0,0,,,,17048,5760
1,cuda,1024,single,0.777999997138977,0.8673835396766663,0.5380577445030212,0.49870800971984863,1,0,0,0,0.0,0,0,0.16731517509727625,,,5048,1024
1,cuda,1024,plain_single,0.781000018119812,0.8602150678634644,0.5984252095222473,0.5038759708404541,1,0,0,0,0.0,0,0,0.17704280155642024,,,5048,1024
1,cuda,1024,raw_loss,0.8669999837875366,0.9233871102333069,0.9160104990005493,0.49354007840156555,3,2,1,0,0.0986328125,2,0,0.23540856031128404,6.934073557080168,,60933,54744
1,cuda,1024,expected_only,0.777999997138977,0.8673835396766663,0.5380577445030212,0.49870800971984863,1,0,0,0,0.0732421875,0,0,0.07782101167315175,,,5048,1024
1,cuda,1024,unvalidated,0.777999997138977,0.8673835396766663,0.5380577445030212,0.49870800971984863,1,0,0,0,0.0732421875,0,0,0.07782101167315175,,,5048,1024
1,cuda,1024,joint,0.777999997138977,0.8673835396766663,0.5380577445030212,0.49870800971984863,1,0,0,0,0.0732421875,0,0,0.07782101167315175,,,5048,1024
1,cuda,1024,prototype_joint,0.781000018119812,0.8602150678634644,0.5984252095222473,0.5038759708404541,1,0,0,0,0.0810546875,1,1,0.13424124513618677,,-9.695547116096764,7935,3064
1,cuda,1024,environment_oracle,0.9200000166893005,0.9825268983840942,0.9842519760131836,0.4961240291595459,3,0,0,0,0.0,0,0,,,,19096,5760
1,cuda,1536,single,0.8643333315849304,0.9726702570915222,0.6089239120483398,0.4909560978412628,1,0,0,0,0.0,0,0,0.1517509727626459,,,6072,1536
1,cuda,1536,plain_single,0.8796666860580444,0.980286717414856,0.6771653294563293,0.49870800971984863,1,0,0,0,0.0,0,0,0.1556420233463035,,,6072,1536
1,cuda,1536,raw_loss,0.893666684627533,0.9605734944343567,0.8766404390335083,0.524547815322876,3,2,1,0,0.080078125,2,0,0.2587548638132296,21.331997980297942,,63344,55616
1,cuda,1536,expected_only,0.8643333315849304,0.9726702570915222,0.6089239120483398,0.4909560978412628,1,0,0,0,0.12434895833333333,0,0,0.0019455252918287938,,,6072,1536
1,cuda,1536,unvalidated,0.9056666493415833,0.9704301357269287,0.9370078444480896,0.5012919902801514,3,2,1,1,0.061848958333333336,2,0,0.17704280155642024,16.319081415356536,-36.60699261456326,84685,77556
1,cuda,1536,joint,0.9056666493415833,0.9704301357269287,0.9370078444480896,0.5012919902801514,2,1,1,0,0.06575520833333333,2,1,0.22762645914396887,17.11679517001316,-36.60699261456326,66697,60016
1,cuda,1536,prototype_joint,0.8796666860580444,0.980286717414856,0.6771653294563293,0.49870800971984863,1,0,0,0,0.08203125,2,1,0.17898832684824903,,-9.695547116096764,12981,6696
1,cuda,1536,environment_oracle,0.8830000162124634,0.9363799095153809,0.960629940032959,0.49870800971984863,3,0,0,0,0.0,0,0,,,,21144,5760
1,cuda,2048,single,0.8786666393280029,0.9847670197486877,0.6587926745414734,0.4832041561603546,1,0,0,0,0.0,0,0,0.1303501945525292,,,7096,2048
1,cuda,2048,plain_single,0.847000002861023,0.9422042965888977,0.6456692814826965,0.4961240291595459,1,0,0,0,0.0,0,0,0.1303501945525292,,,7096,2048
1,cuda,2048,raw_loss,0.8973333239555359,0.9659498333930969,0.8687664270401001,0.5297157764434814,3,2,1,0,0.06884765625,2,0,0.18093385214007782,21.331997980297942,,65392,56128
1,cuda,2048,expected_only,0.8786666393280029,0.9847670197486877,0.6587926745414734,0.4832041561603546,1,0,0,0,0.16845703125,0,0,0.0019455252918287938,,,7096,2048
1,cuda,2048,unvalidated,0.903333306312561,0.9847670197486877,0.8162729740142822,0.5193798542022705,3,2,1,1,0.04638671875,2,0,0.13618677042801555,16.319081415356536,-36.60699261456326,86733,78068
1,cuda,2048,joint,0.903333306312561,0.9847670197486877,0.8162729740142822,0.5193798542022705,2,1,1,0,0.05615234375,2,1,0.10894941634241245,17.11679517001316,-36.60699261456326,68233,60528
1,cuda,2048,prototype_joint,0.847000002861023,0.9422042965888977,0.6456692814826965,0.4961240291595459,1,0,0,0,0.0927734375,3,2,0.0914396887159533,,-11.229922575052528,17351,9688
1,cuda,2048,environment_oracle,0.9116666316986084,0.9695340394973755,0.9842519760131836,0.5064599514007568,3,0,0,0,0.0,0,0,,,,23192,5760
1,cuda,2560,single,0.8790000081062317,0.9601254463195801,0.808398962020874,0.4806201756000519,1,0,0,0,0.0,0,0,0.10505836575875487,,,8120,2560
1,cuda,2560,plain_single,0.8833333253860474,0.9655017852783203,0.8005249500274658,0.4909560978412628,1,0,0,0,0.0,0,0,0.10894941634241245,,,8120,2560
1,cuda,2560,raw_loss,0.8796666860580444,0.9305555820465088,0.9396325349807739,0.5271317958831787,3,2,1,0,0.060546875,3,1,0.2587548638132296,6.934073557080168,,67077,56280
1,cuda,2560,expected_only,0.8790000081062317,0.9601254463195801,0.808398962020874,0.4806201756000519,1,0,0,0,0.2,0,0,0.0019455252918287938,,,8120,2560
1,cuda,2560,unvalidated,0.8993332982063293,0.9605734944343567,0.93438321352005,0.5116279125213623,3,2,1,1,0.037109375,2,0,0.13618677042801555,16.319081415356536,-36.60699261456326,88781,78580
1,cuda,2560,joint,0.8993332982063293,0.9605734944343567,0.93438321352005,0.5116279125213623,2,1,1,0,0.04609375,2,1,0.1303501945525292,17.11679517001316,-36.60699261456326,69769,61040
1,cuda,2560,prototype_joint,0.8970000147819519,0.9646057486534119,0.9238845109939575,0.4806201756000519,2,1,1,0,0.08515625,5,3,0.16731517509727625,9.79420518421843,-11.39828275805399,24590,14400
1,cuda,2560,environment_oracle,0.8796666860580444,0.9301075339317322,0.960629940032959,0.5090439319610596,3,0,0,0,0.0,0,0,,,,25240,5760
1,cuda,4096,single,0.8880000114440918,0.9713261723518372,0.7821522355079651,0.5116279125213623,1,0,0,0,0.0,0,0,0.10311284046692606,,,11192,4096
1,cuda,4096,plain_single,0.8423333168029785,0.9206989407539368,0.7349081039428711,0.4961240291595459,1,0,0,0,0.0,0,0,0.122568093385214,,,11192,4096
1,cuda,4096,raw_loss,0.8799999952316284,0.9507168531417847,0.8398950099945068,0.5116279125213623,3,2,1,0,0.050048828125,4,2,0.23346303501945526,21.316085924328704,,73504,58096
1,cuda,4096,expected_only,0.8880000114440918,0.9713261723518372,0.7821522355079651,0.5116279125213623,1,0,0,0,0.174072265625,0,0,0.05642023346303502,,,11192,4096
1,cuda,4096,unvalidated,0.8709999918937683,0.9265232682228088,0.93438321352005,0.4883721172809601,3,2,1,1,0.024169921875,2,0,0.17315175097276264,16.319081415356536,-36.60699261456326,94925,80116
1,cuda,4096,joint,0.871666669845581,0.9274193644523621,0.93438321352005,0.4883721172809601,2,1,1,0,0.034912109375,3,2,0.16926070038910507,17.11679517001316,-40.83554620676965,96136,83476
1,cuda,4096,prototype_joint,0.8466666340827942,0.9193548560142517,0.7979002594947815,0.4754522144794464,2,1,1,0,0.066650390625,6,4,0.15369649805447472,9.79420518421843,-10.124022271570865,31960,17856
1,cuda,4096,environment_oracle,0.9179999828338623,0.9775985479354858,0.9895012974739075,0.5038759708404541,3,0,0,0,0.0,0,0,,,,31384,5760
2,cuda,512,single,0.6973333358764648,0.7458587884902954,0.5957446694374084,0.4907161593437195,1,0,0,0,0.0,0,0,0.3638132295719844,,,4024,512
2,cuda,512,plain_single,0.7296666502952576,0.7850915193557739,0.5927051901817322,0.5119363069534302,1,0,0,0,0.0,0,0,0.38910505836575876,,,4024,512
2,cuda,512,raw_loss,0.8309999704360962,0.9258936643600464,0.5440729260444641,0.5039787888526917,2,1,0,0,0.17578125,1,0,0.2831858407079646,,,29498,25272
2,cuda,512,expected_only,0.6973333358764648,0.7458587884902954,0.5957446694374084,0.4907161593437195,1,0,0,0,0.115234375,0,0,0.2813186813186813,,,4024,512
2,cuda,512,unvalidated,0.7680000066757202,0.8382737636566162,0.5957446694374084,0.4907161593437195,2,1,0,0,0.115234375,1,0,0.3173277661795407,,,46508,42192
2,cuda,512,joint,0.6973333358764648,0.7458587884902954,0.5957446694374084,0.4907161593437195,1,0,0,0,0.115234375,1,0,0.3326530612244898,,,30008,25692
2,cuda,512,prototype_joint,0.7296666502952576,0.7850915193557739,0.5927051901817322,0.5119363069534302,1,0,0,0,0.076171875,0,0,0.3389473684210526,,,4024,512
2,cuda,512,environment_oracle,0.9039999842643738,0.9646905064582825,0.9300912022590637,0.5119363069534302,3,0,0,0,0.0,0,0,,,,17048,5760
2,cuda,1024,single,0.8546666502952576,0.9524847269058228,0.5927051901817322,0.48806366324424744,1,0,0,0,0.0,0,0,0.1926070038910506,,,5048,1024
2,cuda,1024,plain_single,0.8586666584014893,0.9594594836235046,0.5714285969734192,0.49602121114730835,1,0,0,0,0.0,0,0,0.18093385214007782,,,5048,1024
2,cuda,1024,raw_loss,0.8686666488647461,0.9734088778495789,0.5957446694374084,0.4694960117340088,2,1,0,0,0.1259765625,1,0,0.14785992217898833,,,31034,25784
2,cuda,1024,expected_only,0.8546666502952576,0.9524847269058228,0.5927051901817322,0.48806366324424744,1,0,0,0,0.123046875,0,0,0.0914396887159533,,,5048,1024
2,cuda,1024,unvalidated,0.8560000061988831,0.9520488381385803,0.6139817833900452,0.48275861144065857,2,1,0,0,0.0830078125,1,0,0.20038910505836577,,,47964,42624
2,cuda,1024,joint,0.8546666502952576,0.9524847269058228,0.5927051901817322,0.48806366324424744,1,0,0,0,0.1005859375,1,0,0.18093385214007782,,,30952,26124
2,cuda,1024,prototype_joint,0.8586666584014893,0.9594594836235046,0.5714285969734192,0.49602121114730835,1,0,0,0,0.09375,1,1,0.14591439688715954,,-3.166220319565087,8218,3344
2,cuda,1024,environment_oracle,0.9213333129882812,0.9799476861953735,0.9483282566070557,0.5411140322685242,3,0,0,0,0.0,0,0,,,,19096,5760
2,cuda,1536,single,0.8426666855812073,0.9328683614730835,0.6018236875534058,0.5039787888526917,1,0,0,0,0.0,0,0,0.16731517509727625,,,6072,1536
2,cuda,1536,plain_single,0.8493333458900452,0.9158675074577332,0.7811550498008728,0.5039787888526917,1,0,0,0,0.0,0,0,0.14396887159533073,,,6072,1536
2,cuda,1536,raw_loss,0.8650000095367432,0.9564080238342285,0.6656535267829895,0.48275861144065857,3,2,0,1,0.1015625,2,0,0.17315175097276264,,-18.96993483143912,72681,65176
2,cuda,1536,expected_only,0.8426666855812073,0.9328683614730835,0.6018236875534058,0.5039787888526917,1,0,0,0,0.15950520833333334,0,0,0.0019455252918287938,,,6072,1536
2,cuda,1536,unvalidated,0.8543333411216736,0.9433304071426392,0.6291793584823608,0.5092837810516357,3,2,0,1,0.08268229166666667,2,0,0.1575875486381323,,-5.884513746081453,89061,81656
2,cuda,1536,joint,0.8669999837875366,0.9328683614730835,0.8237082362174988,0.5039787888526917,2,1,1,0,0.08203125,3,1,0.21595330739299612,20.83418332308933,-26.70839584904776,93530,86036
2,cuda,1536,prototype_joint,0.8639999628067017,0.9180470705032349,0.911854088306427,0.4933686852455139,2,1,1,0,0.07291666666666667,2,1,0.20622568093385213,10.3179780122678,-3.166220319565087,12862,6176
2,cuda,1536,environment_oracle,0.8953333497047424,0.9476896524429321,0.9544073343276978,0.5251989364624023,3,0,0,0,0.0,0,0,,,,21144,5760
2,cuda,2048,single,0.8723333477973938,0.9629468321800232,0.6990881562232971,0.4721485376358032,1,0,0,0,0.0,0,0,0.16926070038910507,,,7096,2048
2,cuda,2048,plain_single,0.8883333206176758,0.9768962264060974,0.7477203607559204,0.4721485376358032,1,0,0,0,0.0,0,0,0.14396887159533073,,,7096,2048
2,cuda,2048,raw_loss,0.8653333187103271,0.9455100297927856,0.7568389177322388,0.4721485376358032,3,2,0,1,0.08447265625,2,0,0.15953307392996108,,-36.70670879918204,74549,65508
2,cuda,2048,expected_only,0.8723333477973938,0.9629468321800232,0.6990881562232971,0.4721485376358032,1,0,0,0,0.19287109375,0,0,0.0019455252918287938,,,7096,2048
2,cuda,2048,unvalidated,0.8696666359901428,0.9520488381385803,0.7203647494316101,0.4986737370491028,3,2,0,1,0.06103515625,2,0,0.14396887159533073,,-14.749022374926668,90949,82008
2,cuda,2048,joint,0.8769999742507935,0.9629468321800232,0.6960486173629761,0.5119363069534302,2,1,1,0,0.06787109375,3,1,0.1556420233463035,20.83418332308933,-26.70839584904776,94986,86468
2,cuda,2048,prototype_joint,0.8726666569709778,0.9738448262214661,0.6079027652740479,0.48806366324424744,2,1,1,0,0.06494140625,2,1,0.13618677042801555,10.3179780122678,-3.166220319565087,14398,6688
2,cuda,2048,environment_oracle,0.8920000195503235,0.9476896524429321,0.914893627166748,0.5331565141677856,3,0,0,0,0.0,0,0,,,,23192,5760
2,cuda,2560,single,0.871999979019165,0.9459459781646729,0.7963525652885437,0.48806366324424744,1,0,0,0,0.0,0,0,0.1245136186770428,,,8120,2560
2,cuda,2560,plain_single,0.8700000047683716,0.950305163860321,0.7811550498008728,0.45888593792915344,1,0,0,0,0.0,0,0,0.11867704280155641,,,8120,2560
2,cuda,2560,raw_loss,0.8786666393280029,0.9716652035713196,0.6930091381072998,0.47480106353759766,3,2,0,1,0.069140625,2,0,0.14202334630350194,,-32.50056875783072,76074,65500
2,cuda,2560,expected_only,0.871999979019165,0.9459459781646729,0.7963525652885437,0.48806366324424744,1,0,0,0,0.221484375,0,0,0.11673151750972763,,,8120,2560
2,cuda,2560,unvalidated,0.8733333349227905,0.9520488381385803,0.7173252105712891,0.5305039882659912,3,2,0,1,0.051953125,2,0,0.14396887159533073,,-14.749022374926668,92997,82520
2,cuda,2560,joint,0.8766666650772095,0.9537925124168396,0.7537993788719177,0.5145888328552246,2,1,1,0,0.0609375,4,2,0.17120622568093385,20.83418332308933,-25.32713879185782,118146,107760
2,cuda,2560,prototype_joint,0.8766666650772095,0.9577158093452454,0.7781155109405518,0.4694960117340088,2,1,1,0,0.05859375,2,1,0.13424124513618677,10.3179780122678,-3.166220319565087,15934,7200
2,cuda,2560,environment_oracle,0.9096666574478149,0.9659982323646545,0.9635258316993713,0.5198938846588135,3,0,0,0,0.0,0,0,,,,25240,5760
2,cuda,4096,single,0.9043333530426025,0.9751525521278381,0.9027355909347534,0.47480106353759766,1,0,0,0,0.0,0,0,0.06809338521400778,,,11192,4096
2,cuda,4096,plain_single,0.9026666283607483,0.9734088778495789,0.8996960520744324,0.47480106353759766,1,0,0,0,0.0,0,0,0.07782101167315175,,,11192,4096
2,cuda,4096,raw_loss,0.9003333449363708,0.9725370407104492,0.869300901889801,0.48806366324424744,3,2,0,1,0.053955078125,3,1,0.08171206225680934,,-27.14622820454703,82981,67796
2,cuda,4096,expected_only,0.9043333530426025,0.9751525521278381,0.9027355909347534,0.47480106353759766,1,0,0,0,0.167724609375,0,0,0.06420233463035019,,,11192,4096
2,cuda,4096,unvalidated,0.8460000157356262,0.9032257795333862,0.8632218837738037,0.48275861144065857,3,2,0,1,0.044189453125,3,1,0.17315175097276264,,-3.6150425775633863,99104,84016
2,cuda,4096,joint,0.9076666831970215,0.9782040119171143,0.911854088306427,0.47480106353759766,2,1,1,0,0.04296875,4,2,0.0914396887159533,20.83418332308933,-25.32713879185782,122834,109376
2,cuda,4096,prototype_joint,0.9043333530426025,0.9734088778495789,0.914893627166748,0.47480106353759766,2,1,1,0,0.0419921875,3,2,0.13229571984435798,10.3179780122678,-12.680094491777128,23224,10576
2,cuda,4096,environment_oracle,0.9113333225250244,0.9707933664321899,0.9726443886756897,0.49602121114730835,3,0,0,0,0.0,0,0,,,,31384,5760
3,cuda,512,single,0.778333306312561,0.8326728343963623,0.7013698816299438,0.5164835453033447,1,0,0,0,0.0,0,0,0.4163424124513619,,,4024,512
3,cuda,512,plain_single,0.7763333320617676,0.8445618748664856,0.6191781163215637,0.5082417726516724,1,0,0,0,0.0,0,0,0.36964980544747084,,,4024,512
3,cuda,512,raw_loss,0.8266666531562805,0.890356719493866,0.7041096091270447,0.5521978139877319,2,1,0,0,0.1796875,1,0,0.350561797752809,,,22053,17892
3,cuda,512,expected_only,0.778333306312561,0.8326728343963623,0.7013698816299438,0.5164835453033447,1,0,0,0,0.09375,0,0,0.3562231759656652,,,4024,512
3,cuda,512,unvalidated,0.778333306312561,0.8326728343963623,0.7013698816299438,0.5164835453033447,1,0,0,0,0.09375,0,0,0.3562231759656652,,,4024,512
3,cuda,512,joint,0.778333306312561,0.8326728343963623,0.7013698816299438,0.5164835453033447,1,0,0,0,0.09375,0,0,0.3562231759656652,,,4024,512
3,cuda,512,prototype_joint,0.7763333320617676,0.8445618748664856,0.6191781163215637,0.5082417726516724,1,0,0,0,0.126953125,1,0,0.3264033264033264,,,9525,5312
3,cuda,512,environment_oracle,0.9009999632835388,0.9542052149772644,0.9342465996742249,0.535714328289032,3,0,0,0,0.0,0,0,,,,17048,5760
3,cuda,1024,single,0.8366666436195374,0.9185380935668945,0.6356164813041687,0.5274725556373596,1,0,0,0,0.0,0,0,0.1926070038910506,,,5048,1024
3,cuda,1024,plain_single,0.8006666302680969,0.8736239671707153,0.6328767538070679,0.5137362480163574,1,0,0,0,0.0,0,0,0.1926070038910506,,,5048,1024
3,cuda,1024,raw_loss,0.7953333258628845,0.8582122921943665,0.6684931516647339,0.5302197933197021,2,1,0,0,0.1201171875,1,0,0.4260700389105058,,,23509,18324
3,cuda,1024,expected_only,0.8366666436195374,0.9185380935668945,0.6356164813041687,0.5274725556373596,1,0,0,0,0.1005859375,0,0,0.10894941634241245,,,5048,1024
3,cuda,1024,unvalidated,0.8296666741371155,0.9114927649497986,0.6356164813041687,0.5137362480163574,2,1,0,0,0.0830078125,1,0,0.1926070038910506,,,48133,43124
3,cuda,1024,joint,0.8723333477973938,0.9189784526824951,0.9260274171829224,0.5274725556373596,2,1,1,0,0.09765625,2,0,0.21595330739299612,21.816961872283667,,70052,64324
3,cuda,1024,prototype_joint,0.8370000123977661,0.8775870203971863,0.9041095972061157,0.5164835453033447,2,1,1,0,0.1083984375,2,0,0.19066147859922178,18.763000118438452,,13743,8104
3,cuda,1024,environment_oracle,0.9200000166893005,0.9797446131706238,0.9561644196510315,0.5109890103340149,3,0,0,0,0.0,0,0,,,,19096,5760
3,cuda,1536,single,0.8600000143051147,0.9401144981384277,0.6849315166473389,0.535714328289032,1,0,0,0,0.0,0,0,0.1303501945525292,,,6072,1536
3,cuda,1536,plain_single,0.843999981880188,0.9233818054199219,0.6739726066589355,0.5192307829856873,1,0,0,0,0.0,0,0,0.1264591439688716,,,6072,1536
3,cuda,1536,raw_loss,0.8106666803359985,0.8736239671707153,0.7424657940864563,0.4862637519836426,3,2,0,1,0.09114583333333333,2,0,0.42023346303501946,,-21.478273998080354,63734,56296
3,cuda,1536,expected_only,0.8600000143051147,0.9401144981384277,0.6849315166473389,0.535714328289032,1,0,0,0,0.12369791666666667,0,0,0.009727626459143969,,,6072,1536
3,cuda,1536,unvalidated,0.8586666584014893,0.9321885108947754,0.7123287916183472,0.5467033386230469,2,1,0,0,0.0703125,1,0,0.11089494163424124,,,49749,43716
3,cuda,1536,joint,0.8859999775886536,0.9405548572540283,0.8849315047264099,0.5467033386230469,2,1,1,0,0.06640625,2,0,0.12062256809338522,21.816961872283667,,71668,64916
3,cuda,1536,prototype_joint,0.8796666860580444,0.9238221049308777,0.9616438746452332,0.5219780206680298,2,1,1,0,0.078125,2,0,0.122568093385214,18.763000118438452,,15279,8616
3,cuda,1536,environment_oracle,0.9213333129882812,0.9828270077705383,0.9589041471481323,0.5,3,0,0,0,0.0,0,0,,,,21144,5760
3,cuda,2048,single,0.8886666297912598,0.980625331401825,0.6876712441444397,0.5164835453033447,1,0,0,0,0.0,0,0,0.14007782101167315,,,7096,2048
3,cuda,2048,plain_single,0.8370000123977661,0.9167767763137817,0.6794520616531372,0.49725276231765747,1,0,0,0,0.0,0,0,0.1614785992217899,,,7096,2048
3,cuda,2048,raw_loss,0.8506666421890259,0.937032163143158,0.6493150591850281,0.5137362480163574,3,2,0,1,0.0732421875,2,0,0.30544747081712065,,-13.625110040484529,65819,56848
3,cuda,2048,expected_only,0.8886666297912598,0.980625331401825,0.6876712441444397,0.5164835453033447,1,0,0,0,0.171875,0,0,0.0019455252918287938,,,7096,2048
3,cuda,2048,unvalidated,0.8776666522026062,0.9638925790786743,0.6904109716415405,0.5274725556373596,3,2,0,1,0.064453125,2,0,0.13813229571984437,,-21.212881277381044,89963,81808
3,cuda,2048,joint,0.9089999794960022,0.9744606018066406,0.9041095972061157,0.5054945349693298,2,1,1,0,0.05224609375,2,0,0.14785992217898833,21.816961872283667,,73124,65348
3,cuda,2048,prototype_joint,0.8679999709129333,0.9172171354293823,0.931506872177124,0.49725276231765747,2,1,1,0,0.06396484375,2,0,0.16926070038910507,18.763000118438452,,16815,9128
3,cuda,2048,environment_oracle,0.9016666412353516,0.9476001858711243,0.9780822396278381,0.5384615659713745,3,0,0,0,0.0,0,0,,,,23192,5760
3,cuda,2560,single,0.8183333277702332,0.8678996562957764,0.8027397394180298,0.5247252583503723,1,0,0,0,0.0,0,0,0.13424124513618677,,,8120,2560
3,cuda,2560,plain_single,0.8863333463668823,0.9656539559364319,0.747945249080658,0.5302197933197021,1,0,0,0,0.0,0,0,0.12840466926070038,,,8120,2560
3,cuda,2560,raw_loss,0.8633333444595337,0.9449582099914551,0.6849315166473389,0.5329670310020447,3,2,0,1,0.0671875,2,0,0.19066147859922178,,-13.625110040484529,67867,57360
3,cuda,2560,expected_only,0.8183333277702332,0.8678996562957764,0.8027397394180298,0.5247252583503723,1,0,0,0,0.201171875,0,0,0.007782101167315175,,,8120,2560
3,cuda,2560,unvalidated,0.8690000176429749,0.9467195272445679,0.7424657940864563,0.5109890103340149,3,2,0,1,0.05234375,2,0,0.11284046692607004,,-21.038159142314058,91974,82280
3,cuda,2560,joint,0.847000002861023,0.8789079785346985,0.964383602142334,0.5302197933197021,2,1,1,0,0.04453125,2,0,0.14007782101167315,21.816961872283667,,74740,65940
3,cuda,2560,prototype_joint,0.903333306312561,0.9630119204521179,0.9068493247032166,0.5274725556373596,2,1,1,0,0.05546875,2,0,0.122568093385214,18.763000118438452,,18351,9640
3,cuda,2560,environment_oracle,0.887333333492279,0.9387935400009155,0.9671233296394348,0.4862637519836426,3,0,0,0,0.0,0,0,,,,25240,5760
3,cuda,4096,single,0.9146666526794434,0.9810656309127808,0.8876712322235107,0.5274725556373596,1,0,0,0,0.0,0,0,0.11284046692607004,,,11192,4096
3,cuda,4096,plain_single,0.9116666316986084,0.9828270077705383,0.8602740168571472,0.5192307829856873,1,0,0,0,0.0,0,0,0.10311284046692606,,,11192,4096
3,cuda,4096,raw_loss,0.8606666326522827,0.9291061758995056,0.7917808294296265,0.5027472376823425,3,2,0,1,0.060791015625,3,1,0.18093385214007782,,-18.588375221072297,73654,58536
3,cuda,4096,expected_only,0.9146666526794434,0.9810656309127808,0.8876712322235107,0.5274725556373596,1,0,0,0,0.16552734375,0,0,0.0933852140077821,,,11192,4096
3,cuda,4096,unvalidated,0.8959999680519104,0.9581682682037354,0.8712329268455505,0.5329670310020447,3,2,0,1,0.0361328125,2,0,0.11867704280155641,,-18.24643696385489,98155,83856
3,cuda,4096,joint,0.9236666560173035,0.977983295917511,0.964383602142334,0.5439560413360596,2,1,1,0,0.033203125,2,0,0.11673151750972763,21.816961872283667,,79348,67476
3,cuda,4096,prototype_joint,0.9256666302680969,0.9854689836502075,0.9506849646568298,0.5274725556373596,2,1,1,0,0.041259765625,3,1,0.1828793774319066,18.763000118438452,-36.750774274645906,26015,13376
3,cuda,4096,environment_oracle,0.9129999876022339,0.9665346145629883,0.9753425121307373,0.5164835453033447,3,0,0,0,0.0,0,0,,,,31384,5760
4,cuda,512,single,0.8379999995231628,0.9191080331802368,0.6243094205856323,0.5299144983291626,1,0,0,0,0.0,0,0,0.29961089494163423,,,4024,512
4,cuda,512,plain_single,0.8213333487510681,0.9151727557182312,0.5524861812591553,0.4871794879436493,1,0,0,0,0.0,0,0,0.41245136186770426,,,4024,512
4,cuda,512,raw_loss,0.7886666655540466,0.8543944358825684,0.6243094205856323,0.5299144983291626,2,1,0,0,0.123046875,1,0,0.24789915966386555,,,36019,31772
4,cuda,512,expected_only,0.8379999995231628,0.9191080331802368,0.6243094205856323,0.5299144983291626,1,0,0,0,0.0390625,0,0,0.27125506072874495,,,4024,512
4,cuda,512,unvalidated,0.8379999995231628,0.9191080331802368,0.6243094205856323,0.5299144983291626,1,0,0,0,0.0390625,0,0,0.27125506072874495,,,4024,512
4,cuda,512,joint,0.8379999995231628,0.9191080331802368,0.6243094205856323,0.5299144983291626,1,0,0,0,0.0390625,0,0,0.27125506072874495,,,4024,512
4,cuda,512,prototype_joint,0.8213333487510681,0.9151727557182312,0.5524861812591553,0.4871794879436493,1,0,0,0,0.1328125,1,0,0.40433925049309666,,,8106,4112
4,cuda,512,environment_oracle,0.8846666812896729,0.9296021461486816,0.9834254384040833,0.4900285005569458,3,0,0,0,0.0,0,0,,,,17048,5760
4,cuda,1024,single,0.8619999885559082,0.9584608674049377,0.5994475483894348,0.5042734742164612,1,0,0,0,0.0,0,0,0.14785992217898833,,,5048,1024
4,cuda,1024,plain_single,0.8176666498184204,0.9055531620979309,0.5635359287261963,0.5071225166320801,1,0,0,0,0.0,0,0,0.15369649805447472,,,5048,1024
4,cuda,1024,raw_loss,0.8633333444595337,0.9505903124809265,0.6629834771156311,0.5014244914054871,2,1,0,0,0.1005859375,1,0,0.19455252918287938,,,37475,32204
4,cuda,1024,expected_only,0.8619999885559082,0.9584608674049377,0.5994475483894348,0.5042734742164612,1,0,0,0,0.0849609375,0,0,0.04085603112840467,,,5048,1024
4,cuda,1024,unvalidated,0.8600000143051147,0.9593353867530823,0.571823239326477,0.5099714994430542,3,2,1,1,0.0849609375,2,0,0.07392996108949416,24.48663865298435,-8.349848161517244,81818,76104
4,cuda,1024,joint,0.9013333320617676,0.95889812707901,0.919889509677887,0.5071225166320801,2,1,1,0,0.0849609375,2,1,0.1303501945525292,24.48663865298435,-8.349848161517244,64538,58824
4,cuda,1024,prototype_joint,0.8176666498184204,0.9055531620979309,0.5635359287261963,0.5071225166320801,1,0,0,0,0.1142578125,1,0,0.07587548638132295,,,9130,4624
4,cuda,1024,environment_oracle,0.8939999938011169,0.9427197575569153,0.980663001537323,0.4871794879436493,3,0,0,0,0.0,0,0,,,,19096,5760
4,cuda,1536,single,0.8733333349227905,0.9501530528068542,0.7182320952415466,0.5327635407447815,1,0,0,0,0.0,0,0,0.15369649805447472,,,6072,1536
4,cuda,1536,plain_single,0.8373333215713501,0.9296021461486816,0.5690608024597168,0.5128204822540283,1,0,0,0,0.0,0,0,0.1828793774319066,,,6072,1536
4,cuda,1536,raw_loss,0.8600000143051147,0.9457805156707764,0.6933701634407043,0.4729344844818115,3,2,0,1,0.08528645833333333,2,0,0.19649805447470817,,-8.521001230059724,78514,71116
4,cuda,1536,expected_only,0.8733333349227905,0.9501530528068542,0.7182320952415466,0.5327635407447815,1,0,0,0,0.13802083333333334,0,0,0.0019455252918287938,,,6072,1536
4,cuda,1536,unvalidated,0.8693333268165588,0.9488413333892822,0.7016574740409851,0.5242165327072144,3,2,1,1,0.056640625,2,0,0.15369649805447472,24.48663865298435,-8.349848161517244,83866,76616
4,cuda,1536,joint,0.8999999761581421,0.9562746286392212,0.911602258682251,0.5213674902915955,2,1,1,0,0.061197916666666664,2,1,0.14980544747081712,24.48663865298435,-8.349848161517244,66074,59336
4,cuda,1536,prototype_joint,0.8856666684150696,0.9365981817245483,0.9060773849487305,0.5327635407447815,2,1,1,0,0.08723958333333333,2,0,0.20817120622568094,5.409715521041603,,13654,7336
4,cuda,1536,environment_oracle,0.8933333158493042,0.9427197575569153,0.9640884399414062,0.49857550859451294,3,0,0,0,0.0,0,0,,,,21144,5760
4,cuda,2048,single,0.9016666412353516,0.9803236126899719,0.7928177118301392,0.5014244914054871,1,0,0,0,0.0,0,0,0.09727626459143969,,,7096,2048
4,cuda,2048,plain_single,0.8869999647140503,0.9554001092910767,0.8232044577598572,0.5071225166320801,1,0,0,0,0.0,0,0,0.14202334630350194,,,7096,2048
4,cuda,2048,raw_loss,0.8796666860580444,0.9571491479873657,0.7955801486968994,0.4615384638309479,3,2,0,1,0.0693359375,2,0,0.16536964980544747,,-8.469977269946199,80562,71628
4,cuda,2048,expected_only,0.9016666412353516,0.9803236126899719,0.7928177118301392,0.5014244914054871,1,0,0,0,0.18359375,0,0,0.0019455252918287938,,,7096,2048
4,cuda,2048,unvalidated,0.9036666750907898,0.9807608723640442,0.7928177118301392,0.5156695246696472,3,2,1,1,0.04248046875,2,0,0.09727626459143969,24.48663865298435,-8.349848161517244,85914,77128
4,cuda,2048,joint,0.9123333096504211,0.9794490933418274,0.8784530758857727,0.5099714994430542,2,1,1,0,0.04736328125,2,1,0.10116731517509728,24.48663865298435,-8.349848161517244,67610,59848
4,cuda,2048,prototype_joint,0.9053333401679993,0.95889812707901,0.9640884399414062,0.49572649598121643,2,1,1,0,0.06640625,2,0,0.13813229571984437,5.409715521041603,,15190,7848
4,cuda,2048,environment_oracle,0.9126666784286499,0.9610844254493713,0.9751381874084473,0.5327635407447815,3,0,0,0,0.0,0,0,,,,23192,5760
4,cuda,2560,single,0.8289999961853027,0.8775689005851746,0.8121547102928162,0.5299144983291626,1,0,0,0,0.0,0,0,0.122568093385214,,,8120,2560
4,cuda,2560,plain_single,0.8930000066757202,0.9720157980918884,0.7624309659004211,0.5128204822540283,1,0,0,0,0.0,0,0,0.11673151750972763,,,8120,2560
4,cuda,2560,raw_loss,0.8763332962989807,0.9435942769050598,0.8204420208930969,0.49572649598121643,3,2,0,1,0.06171875,2,0,0.11089494163424124,,-8.450823198138337,82610,72140
4,cuda,2560,expected_only,0.8289999961853027,0.8775689005851746,0.8121547102928162,0.5299144983291626,1,0,0,0,0.2171875,0,0,0.08754863813229571,,,8120,2560
4,cuda,2560,unvalidated,0.847000002861023,0.9029296040534973,0.7955801486968994,0.5356125235557556,3,2,1,1,0.033984375,2,0,0.11673151750972763,24.48663865298435,-8.349848161517244,87962,77640
4,cuda,2560,joint,0.8513333201408386,0.8858767151832581,0.972375750541687,0.5014244914054871,2,1,1,0,0.043359375,2,1,0.1303501945525292,24.48663865298435,-8.349848161517244,69146,60360
4,cuda,2560,prototype_joint,0.9120000004768372,0.9755138158798218,0.911602258682251,0.49857550859451294,2,1,1,0,0.055859375,2,0,0.13618677042801555,5.409715521041603,,16726,8360
4,cuda,2560,environment_oracle,0.8819999694824219,0.9221687912940979,0.9779005646705627,0.5213674902915955,3,0,0,0,0.0,0,0,,,,25240,5760
4,cuda,4096,single,0.8736666440963745,0.9431570172309875,0.7707182765007019,0.5270655155181885,1,0,0,0,0.0,0,0,0.14007782101167315,,,11192,4096
4,cuda,4096,plain_single,0.8666666746139526,0.9304766058921814,0.8535912036895752,0.4643874764442444,1,0,0,0,0.0,0,0,0.14591439688715954,,,11192,4096
4,cuda,4096,raw_loss,0.8966666460037231,0.965019702911377,0.8342542052268982,0.5156695246696472,3,2,0,1,0.0458984375,3,1,0.1828793774319066,,-8.469977269946199,88754,73676
4,cuda,4096,expected_only,0.8736666440963745,0.9431570172309875,0.7707182765007019,0.5270655155181885,1,0,0,0,0.1787109375,0,0,0.08949416342412451,,,11192,4096
4,cuda,4096,unvalidated,0.9156666398048401,0.9715785384178162,0.9143646955490112,0.5527065396308899,3,2,1,1,0.021484375,2,0,0.13813229571984437,24.48663865298435,-8.349848161517244,94106,79176
4,cuda,4096,joint,0.9079999923706055,0.9602099061012268,0.9558011293411255,0.5185185074806213,2,1,1,0,0.0341796875,3,2,0.19844357976653695,24.48663865298435,-16.14297474461661,95419,82716
4,cuda,4096,prototype_joint,0.8846666812896729,0.9282903671264648,0.9640884399414062,0.5185185074806213,2,1,1,0,0.038330078125,2,0,0.1828793774319066,5.409715521041603,,21334,9896
4,cuda,4096,environment_oracle,0.9053333401679993,0.9637079238891602,0.9475138783454895,0.48148149251937866,3,0,0,0,0.0,0,0,,,,31384,5760
5,cuda,512,single,0.7916666865348816,0.8909410238265991,0.46518105268478394,0.4959127902984619,1,0,0,0,0.0,0,0,0.3560311284046693,,,4024,512
5,cuda,512,plain_single,0.7356666326522827,0.7906771898269653,0.6100278496742249,0.5177111625671387,1,0,0,0,0.0,0,0,0.3657587548638132,,,4024,512
5,cuda,512,raw_loss,0.8019999861717224,0.8865435123443604,0.5598885416984558,0.5149863958358765,2,1,0,0,0.150390625,1,0,0.2692307692307692,,,18622,14472
5,cuda,512,expected_only,0.7916666865348816,0.8909410238265991,0.46518105268478394,0.4959127902984619,1,0,0,0,0.02734375,0,0,0.338,,,4024,512
5,cuda,512,unvalidated,0.7916666865348816,0.8909410238265991,0.46518105268478394,0.4959127902984619,1,0,0,0,0.02734375,0,0,0.338,,,4024,512
5,cuda,512,joint,0.7916666865348816,0.8909410238265991,0.46518105268478394,0.4959127902984619,1,0,0,0,0.02734375,0,0,0.338,,,4024,512
5,cuda,512,prototype_joint,0.7356666326522827,0.7906771898269653,0.6100278496742249,0.5177111625671387,1,0,0,0,0.146484375,1,0,0.3078556263269639,,,6341,2512
5,cuda,512,environment_oracle,0.8993332982063293,0.9525066018104553,0.961002767086029,0.5095368027687073,3,0,0,0,0.0,0,0,,,,17048,5760
5,cuda,1024,single,0.8159999847412109,0.911169707775116,0.5376044511795044,0.4986375868320465,1,0,0,0,0.0,0,0,0.20622568093385213,,,5048,1024
5,cuda,1024,plain_single,0.765999972820282,0.8342128396034241,0.6100278496742249,0.4959127902984619,1,0,0,0,0.0,0,0,0.23540856031128404,,,5048,1024
5,cuda,1024,raw_loss,0.7793333530426025,0.8540017604827881,0.5961002707481384,0.4959127902984619,2,1,0,0,0.0947265625,1,0,0.17120622568093385,,,20158,14984
5,cuda,1024,expected_only,0.8159999847412109,0.911169707775116,0.5376044511795044,0.4986375868320465,1,0,0,0,0.0732421875,0,0,0.11089494163424124,,,5048,1024
5,cuda,1024,unvalidated,0.8159999847412109,0.911169707775116,0.5376044511795044,0.4986375868320465,1,0,0,0,0.0732421875,0,0,0.11089494163424124,,,5048,1024
5,cuda,1024,joint,0.8159999847412109,0.911169707775116,0.5376044511795044,0.4986375868320465,1,0,0,0,0.0732421875,0,0,0.11089494163424124,,,5048,1024
5,cuda,1024,prototype_joint,0.8403333425521851,0.9287598729133606,0.6183843612670898,0.5095368027687073,2,1,0,0,0.111328125,2,0,0.2607003891050584,,,15722,10344
5,cuda,1024,environment_oracle,0.8733333349227905,0.9195250272750854,0.9526461958885193,0.5095368027687073,3,0,0,0,0.0,0,0,,,,19096,5760
5,cuda,1536,single,0.862666666507721,0.9665786623954773,0.5710306167602539,0.5040872097015381,1,0,0,0,0.0,0,0,0.1517509727626459,,,6072,1536
5,cuda,1536,plain_single,0.8583333492279053,0.9520668387413025,0.6295264363288879,0.5013623833656311,1,0,0,0,0.0,0,0,0.17509727626459143,,,6072,1536
5,cuda,1536,raw_loss,0.862666666507721,0.9555848240852356,0.6239554286003113,0.5204359889030457,3,2,0,1,0.07877604166666667,2,0,0.188715953307393,,-15.387411962329011,60543,53436
5,cuda,1536,expected_only,0.862666666507721,0.9665786623954773,0.5710306167602539,0.5040872097015381,1,0,0,0,0.11263020833333333,0,0,0.0038910505836575876,,,6072,1536
5,cuda,1536,unvalidated,0.859666645526886,0.9586631059646606,0.5654596090316772,0.5340599417686462,2,1,0,0,0.0703125,1,0,0.14980544747081712,,,51940,46096
5,cuda,1536,joint,0.8970000147819519,0.9709762334823608,0.8217269778251648,0.5122615694999695,2,1,1,0,0.072265625,2,0,0.22178988326848248,20.21967850894138,,71151,64576
5,cuda,1536,prototype_joint,0.8610000014305115,0.9450307488441467,0.7019498348236084,0.4959127902984619,2,1,0,0,0.09244791666666667,2,0,0.30544747081712065,,,17258,10856
5,cuda,1536,environment_oracle,0.9036666750907898,0.9573438763618469,0.961002767086029,0.5149863958358765,3,0,0,0,0.0,0,0,,,,21144,5760
5,cuda,2048,single,0.8566666841506958,0.9498680233955383,0.6462395191192627,0.48501360416412354,1,0,0,0,0.0,0,0,0.15953307392996108,,,7096,2048
5,cuda,2048,plain_single,0.8446666598320007,0.9379947185516357,0.6128133535385132,0.4931879937648773,1,0,0,0,0.0,0,0,0.14396887159533073,,,7096,2048
5,cuda,2048,raw_loss,0.8396666646003723,0.9322779178619385,0.5766016840934753,0.5231607556343079,3,2,0,1,0.06689453125,2,0,0.15953307392996108,,-31.978613744555574,63070,54428
5,cuda,2048,expected_only,0.8566666841506958,0.9498680233955383,0.6462395191192627,0.48501360416412354,1,0,0,0,0.15576171875,0,0,0.0019455252918287938,,,7096,2048
5,cuda,2048,unvalidated,0.8586666584014893,0.9533860683441162,0.6016712784767151,0.5231607556343079,2,1,0,0,0.06787109375,1,0,0.10700389105058365,,,53396,46528
5,cuda,2048,joint,0.8963333368301392,0.9511873126029968,0.9526461958885193,0.5013623833656311,2,1,1,0,0.05615234375,2,0,0.16536964980544747,20.21967850894138,,72607,65008
5,cuda,2048,prototype_joint,0.8663333058357239,0.9661389589309692,0.6323119401931763,0.47683924436569214,2,1,0,0,0.07958984375,3,1,0.3443579766536965,,-2.1338461740599683,22312,14008
5,cuda,2048,environment_oracle,0.8603333234786987,0.9028143882751465,0.9721448421478271,0.48773840069770813,3,0,0,0,0.0,0,0,,,,23192,5760
5,cuda,2560,single,0.8809999823570251,0.9582233428955078,0.7799443006515503,0.5013623833656311,1,0,0,0,0.0,0,0,0.12840466926070038,,,8120,2560
5,cuda,2560,plain_single,0.8986666798591614,0.9753737449645996,0.8245125412940979,0.4959127902984619,1,0,0,0,0.0,0,0,0.12840466926070038,,,8120,2560
5,cuda,2560,raw_loss,0.903333306312561,0.9744942784309387,0.8467966318130493,0.5177111625671387,3,2,0,1,0.057421875,2,0,0.14202334630350194,,-14.873188863574129,66599,56160
5,cuda,2560,expected_only,0.8809999823570251,0.9582233428955078,0.7799443006515503,0.5013623833656311,1,0,0,0,0.187109375,0,0,0.0019455252918287938,,,8120,2560
5,cuda,2560,unvalidated,0.8303333520889282,0.9204045534133911,0.6601670980453491,0.4386920928955078,3,2,0,1,0.0640625,2,0,0.15953307392996108,,18.999111284436125,98330,89340
5,cuda,2560,joint,0.9039999842643738,0.9613016247749329,0.9470751881599426,0.5068119764328003,2,1,1,0,0.046875,2,0,0.13424124513618677,20.21967850894138,,74223,65600
5,cuda,2560,prototype_joint,0.8833333253860474,0.9569041132926941,0.8189414739608765,0.4904631972312927,2,1,0,0,0.065234375,3,1,0.32879377431906615,,-2.1338461740599683,23848,14520
5,cuda,2560,environment_oracle,0.9043333530426025,0.9551451206207275,0.9693593382835388,0.5258855223655701,3,0,0,0,0.0,0,0,,,,25240,5760
5,cuda,4096,single,0.8746666312217712,0.9384344816207886,0.8412256240844727,0.5122615694999695,1,0,0,0,0.0,0,0,0.12062256809338522,,,11192,4096
5,cuda,4096,plain_single,0.8693333268165588,0.9300791025161743,0.8607242107391357,0.5013623833656311,1,0,0,0,0.0,0,0,0.11284046692607004,,,11192,4096
5,cuda,4096,raw_loss,0.890999972820282,0.9683377146720886,0.7688022255897522,0.5313351154327393,3,2,0,1,0.0458984375,3,1,0.13229571984435798,,-33.07515896397696,71262,56476
5,cuda,4096,expected_only,0.8746666312217712,0.9384344816207886,0.8412256240844727,0.5122615694999695,1,0,0,0,0.170654296875,0,0,0.08171206225680934,,,11192,4096
5,cuda,4096,unvalidated,0.8796666860580444,0.9459102749824524,0.844011127948761,0.5040872097015381,3,2,0,1,0.04541015625,2,0,0.11478599221789883,,33.8181143895997,105354,91756
5,cuda,4096,joint,0.8819999694824219,0.9357959032058716,0.9164345264434814,0.5149863958358765,2,1,1,0,0.03369140625,2,0,0.1575875486381323,20.21967850894138,,78751,67056
5,cuda,4096,prototype_joint,0.9153333306312561,0.9846085906028748,0.9052924513816833,0.4959127902984619,2,1,0,0,0.042236328125,3,1,0.23929961089494164,,-2.1338461740599683,28456,16056
5,cuda,4096,environment_oracle,0.9053333401679993,0.9555848240852356,0.9721448421478271,0.528610348701477,3,0,0,0,0.0,0,0,,,,31384,5760
6,cuda,512,single,0.7929999828338623,0.8759894371032715,0.5625,0.5,1,0,0,0,0.0,0,0,0.29766536964980544,,,4024,512
6,cuda,512,plain_single,0.815666675567627,0.9014951586723328,0.5911458730697632,0.49707603454589844,1,0,0,0,0.0,0,0,0.26264591439688717,,,4024,512
6,cuda,512,raw_loss,0.8036666512489319,0.9010553956031799,0.546875,0.4444444477558136,2,1,0,0,0.16015625,1,0,0.35135135135135137,,,17718,13592
6,cuda,512,expected_only,0.7929999828338623,0.8759894371032715,0.5625,0.5,1,0,0,0,0.037109375,0,0,0.27070707070707073,,,4024,512
6,cuda,512,unvalidated,0.7929999828338623,0.8759894371032715,0.5625,0.5,1,0,0,0,0.037109375,0,0,0.27070707070707073,,,4024,512
6,cuda,512,joint,0.7929999828338623,0.8759894371032715,0.5625,0.5,1,0,0,0,0.037109375,0,0,0.27070707070707073,,,4024,512
6,cuda,512,prototype_joint,0.815666675567627,0.9014951586723328,0.5911458730697632,0.49707603454589844,1,0,0,0,0.0703125,0,0,0.20711297071129708,,,4024,512
6,cuda,512,environment_oracle,0.906333327293396,0.960422158241272,0.9479166865348816,0.5,3,0,0,0,0.0,0,0,,,,17048,5760
6,cuda,1024,single,0.8423333168029785,0.9459102749824524,0.5442708730697632,0.48830410838127136,1,0,0,0,0.0,0,0,0.19455252918287938,,,5048,1024
6,cuda,1024,plain_single,0.8336666822433472,0.9384344816207886,0.5390625,0.46783626079559326,1,0,0,0,0.0,0,0,0.20622568093385213,,,5048,1024
6,cuda,1024,raw_loss,0.8686666488647461,0.9393139481544495,0.7552083730697632,0.5263158082962036,3,2,0,1,0.1123046875,2,0,0.4143968871595331,,1.15652238291635,62901,56804
6,cuda,1024,expected_only,0.8423333168029785,0.9459102749824524,0.5442708730697632,0.48830410838127136,1,0,0,0,0.103515625,0,0,0.05252918287937743,,,5048,1024
6,cuda,1024,unvalidated,0.8449999690055847,0.9419524669647217,0.5442708730697632,0.5380116701126099,3,2,1,1,0.095703125,2,0,0.11478599221789883,21.20313559741184,-8.461101899920564,82973,77124
6,cuda,1024,joint,0.8840000033378601,0.9459102749824524,0.8723958730697632,0.4853801131248474,2,1,1,0,0.095703125,2,1,0.16536964980544747,21.20313559741184,-8.461101899920564,65629,59844
6,cuda,1024,prototype_joint,0.8706666827201843,0.9388741850852966,0.8177083730697632,0.47660818696022034,2,1,1,0,0.1171875,3,1,0.2140077821011673,16.622296917144507,-2.2368561151583486,18574,11944
6,cuda,1024,environment_oracle,0.9193333387374878,0.9678979516029358,0.9817708730697632,0.5263158082962036,3,0,0,0,0.0,0,0,,,,19096,5760
6,cuda,1536,single,0.8693333268165588,0.9700967073440552,0.6145833730697632,0.4853801131248474,1,0,0,0,0.0,0,0,0.17315175097276264,,,6072,1536
6,cuda,1536,plain_single,0.8690000176429749,0.980650782585144,0.5625,0.4707602262496948,1,0,0,0,0.0,0,0,0.18093385214007782,,,6072,1536
6,cuda,1536,raw_loss,0.8690000176429749,0.9569041132926941,0.6276041865348816,0.5555555820465088,3,2,0,1,0.08984375,2,0,0.39105058365758755,,-14.131953130541902,59782,52316
6,cuda,1536,expected_only,0.8693333268165588,0.9700967073440552,0.6145833730697632,0.4853801131248474,1,0,0,0,0.162109375,0,0,0.0019455252918287938,,,6072,1536
6,cuda,1536,unvalidated,0.8693333268165588,0.9736147522926331,0.5677083730697632,0.5146198868751526,3,2,1,1,0.06510416666666667,2,0,0.15369649805447472,21.20313559741184,-8.461101899920564,85021,77636
6,cuda,1536,joint,0.9126666784286499,0.9727352261543274,0.9401041865348816,0.48245614767074585,2,1,1,0,0.07161458333333333,2,1,0.1575875486381323,21.20313559741184,-8.461101899920564,67165,60356
6,cuda,1536,prototype_joint,0.9116666316986084,0.9846085906028748,0.8645833730697632,0.4795321822166443,2,1,1,0,0.08268229166666667,3,1,0.16926070038910507,16.622296917144507,-2.2368561151583486,20110,12456
6,cuda,1536,environment_oracle,0.9139999747276306,0.9709762334823608,0.9505208730697632,0.4941520392894745,3,0,0,0,0.0,0,0,,,,21144,5760
6,cuda,2048,single,0.8830000162124634,0.9762532711029053,0.6901041865348816,0.4795321822166443,1,0,0,0,0.0,0,0,0.1245136186770428,,,7096,2048
6,cuda,2048,plain_single,0.8709999918937683,0.9573438763618469,0.7239583730697632,0.46198830008506775,1,0,0,0,0.0,0,0,0.1575875486381323,,,7096,2048
6,cuda,2048,raw_loss,0.8756666779518127,0.970536470413208,0.6614583730697632,0.4853801131248474,3,2,0,1,0.0771484375,2,0,0.2918287937743191,,-17.127454171954255,61553,52548
6,cuda,2048,expected_only,0.8830000162124634,0.9762532711029053,0.6901041865348816,0.4795321822166443,1,0,0,0,0.19921875,0,0,0.0019455252918287938,,,7096,2048
6,cuda,2048,unvalidated,0.8790000081062317,0.9736147522926331,0.6458333730697632,0.511695921421051,3,2,1,1,0.0498046875,2,0,0.11867704280155641,21.20313559741184,-8.461101899920564,87069,78148
6,cuda,2048,joint,0.9026666283607483,0.9718557596206665,0.8776041865348816,0.4707602262496948,2,1,1,0,0.05908203125,2,1,0.122568093385214,21.20313559741184,-8.461101899920564,68701,60868
6,cuda,2048,prototype_joint,0.8930000066757202,0.9555848240852356,0.9010416865348816,0.46783626079559326,2,1,1,0,0.0634765625,3,1,0.1556420233463035,16.622296917144507,-2.2368561151583486,21646,12968
6,cuda,2048,environment_oracle,0.9253333210945129,0.980211079120636,0.96875,0.511695921421051,3,0,0,0,0.0,0,0,,,,23192,5760
6,cuda,2560,single,0.8793333172798157,0.9652594327926636,0.7213541865348816,0.4853801131248474,1,0,0,0,0.0,0,0,0.12062256809338522,,,8120,2560
6,cuda,2560,plain_single,0.8849999904632568,0.9788917899131775,0.7005208730697632,0.46783626079559326,1,0,0,0,0.0,0,0,0.1264591439688716,,,8120,2560
6,cuda,2560,raw_loss,0.8686666488647461,0.9617413878440857,0.6328125,0.5146198868751526,3,2,0,1,0.06953125,3,0,0.29377431906614787,,-16.7782253130065,63601,53060
6,cuda,2560,expected_only,0.8793333172798157,0.9652594327926636,0.7213541865348816,0.4853801131248474,1,0,0,0,0.223046875,0,0,0.122568093385214,,,8120,2560
6,cuda,2560,unvalidated,0.8686666488647461,0.9696569442749023,0.5963541865348816,0.5029239654541016,3,2,1,1,0.03984375,2,0,0.13229571984435798,21.20313559741184,-8.461101899920564,89117,78660
6,cuda,2560,joint,0.9200000166893005,0.9775725603103638,0.9713541865348816,0.4795321822166443,2,1,1,0,0.051953125,2,1,0.1264591439688716,21.20313559741184,-8.461101899920564,70237,61380
6,cuda,2560,prototype_joint,0.9246666431427002,0.9881266355514526,0.9661458730697632,0.45614033937454224,2,1,1,0,0.05234375,3,1,0.13618677042801555,16.622296917144507,-2.2368561151583486,23182,13480
6,cuda,2560,environment_oracle,0.918999969959259,0.9714159965515137,0.9661458730697632,0.5175438523292542,3,0,0,0,0.0,0,0,,,,25240,5760
6,cuda,4096,single,0.9070000052452087,0.9683377146720886,0.921875,0.48245614767074585,1,0,0,0,0.0,0,0,0.10505836575875487,,,11192,4096
6,cuda,4096,plain_single,0.9233333468437195,0.990325391292572,0.9270833730697632,0.4736842215061188,1,0,0,0,0.0,0,0,0.08365758754863813,,,11192,4096
6,cuda,4096,raw_loss,0.9129999876022339,0.9744942784309387,0.9192708730697632,0.49707603454589844,3,2,0,1,0.04443359375,3,1,0.27431906614785995,,-18.589464078723054,69927,54716
6,cuda,4096,expected_only,0.9070000052452087,0.9683377146720886,0.921875,0.48245614767074585,1,0,0,0,0.17578125,0,0,0.06614785992217899,,,11192,4096
6,cuda,4096,unvalidated,0.903333306312561,0.9692172408103943,0.8515625,0.523391842842102,3,2,1,1,0.027587890625,2,0,0.09922178988326848,21.20313559741184,-8.461101899920564,95261,80196
6,cuda,4096,joint,0.9183333516120911,0.9766930341720581,0.9765625,0.4649122953414917,2,1,1,0,0.039306640625,3,2,0.13813229571984437,21.20313559741184,-12.44981683331595,96327,83556
6,cuda,4096,prototype_joint,0.9279999732971191,0.987247109413147,0.9817708730697632,0.4736842215061188,2,1,1,0,0.03955078125,4,2,0.18093385214007782,16.622296917144507,-12.60885788136453,30272,16656
6,cuda,4096,environment_oracle,0.8756666779518127,0.9102902412414551,0.9895833730697632,0.5175438523292542,3,0,0,0,0.0,0,0,,,,31384,5760
7,cuda,512,single,0.7929999828338623,0.8890368342399597,0.5257731676101685,0.47910863161087036,1,0,0,0,0.0,0,0,0.433852140077821,,,4024,512
7,cuda,512,plain_single,0.7360000014305115,0.8069241046905518,0.561855673789978,0.47910863161087036,1,0,0,0,0.0,0,0,0.2840466926070039,,,4024,512
7,cuda,512,raw_loss,0.7836666703224182,0.8659565448760986,0.5412371158599854,0.5292478799819946,2,1,0,0,0.14453125,1,0,0.3977777777777778,,,16531,12412
7,cuda,512,expected_only,0.7929999828338623,0.8890368342399597,0.5257731676101685,0.47910863161087036,1,0,0,0,0.052734375,0,0,0.4024640657084189,,,4024,512
7,cuda,512,unvalidated,0.7929999828338623,0.8890368342399597,0.5257731676101685,0.47910863161087036,1,0,0,0,0.052734375,0,0,0.4024640657084189,,,4024,512
7,cuda,512,joint,0.7929999828338623,0.8890368342399597,0.5257731676101685,0.47910863161087036,1,0,0,0,0.052734375,0,0,0.4024640657084189,,,4024,512
7,cuda,512,prototype_joint,0.7360000014305115,0.8069241046905518,0.561855673789978,0.47910863161087036,1,0,0,0,0.119140625,0,0,0.18763796909492272,,,4024,512
7,cuda,512,environment_oracle,0.9129999876022339,0.9800266623497009,0.9458762407302856,0.45682451128959656,3,0,0,0,0.0,0,0,,,,17048,5760
7,cuda,1024,single,0.831333339214325,0.9276520609855652,0.5695875883102417,0.5097492933273315,1,0,0,0,0.0,0,0,0.22762645914396887,,,5048,1024
7,cuda,1024,plain_single,0.8379999995231628,0.9427430033683777,0.5721649527549744,0.46796655654907227,1,0,0,0,0.0,0,0,0.16926070038910507,,,5048,1024
7,cuda,1024,raw_loss,0.8460000157356262,0.9152241945266724,0.7422680258750916,0.523676872253418,3,2,0,0,0.091796875,2,0,0.34824902723735407,,,62466,56284
7,cuda,1024,expected_only,0.831333339214325,0.9276520609855652,0.5695875883102417,0.5097492933273315,1,0,0,0,0.0830078125,0,0,0.14591439688715954,,,5048,1024
7,cuda,1024,unvalidated,0.8243333101272583,0.9169995784759521,0.5592783093452454,0.5292478799819946,2,1,0,0,0.0654296875,1,0,0.21595330739299612,,,48870,43864
7,cuda,1024,joint,0.831333339214325,0.9276520609855652,0.5695875883102417,0.5097492933273315,1,0,0,0,0.078125,1,0,0.20038910505836577,,,31222,26344
7,cuda,1024,prototype_joint,0.8379999995231628,0.9427430033683777,0.5721649527549744,0.46796655654907227,1,0,0,0,0.1171875,2,1,0.2178988326848249,,-6.650607419307976,12113,6344
7,cuda,1024,environment_oracle,0.9103333353996277,0.9680426120758057,0.9510309100151062,0.5041782855987549,3,0,0,0,0.0,0,0,,,,19096,5760
7,cuda,1536,single,0.8556666374206543,0.9622725248336792,0.5902061462402344,0.4735375940799713,1,0,0,0,0.0,0,0,0.1828793774319066,,,6072,1536
7,cuda,1536,plain_single,0.8376666307449341,0.9418553113937378,0.5773195624351501,0.46518105268478394,1,0,0,0,0.0,0,0,0.1575875486381323,,,6072,1536
7,cuda,1536,raw_loss,0.8536666631698608,0.9334221482276917,0.7087628841400146,0.5097492933273315,3,2,0,0,0.068359375,2,0,0.36964980544747084,,,64317,56596
7,cuda,1536,expected_only,0.8556666374206543,0.9622725248336792,0.5902061462402344,0.4735375940799713,1,0,0,0,0.12565104166666666,0,0,0.013618677042801557,,,6072,1536
7,cuda,1536,unvalidated,0.8366666436195374,0.9307590126991272,0.610824704170227,0.49025067687034607,2,1,0,0,0.0703125,1,0,0.15369649805447472,,,50406,44376
7,cuda,1536,joint,0.9023333191871643,0.9627164006233215,0.9510309100151062,0.470752090215683,2,1,1,0,0.07682291666666667,3,1,0.20622568093385213,22.01798926562473,-4.826572192009239,93832,86676
7,cuda,1536,prototype_joint,0.878333330154419,0.94318687915802,0.876288652420044,0.4735375940799713,2,1,1,0,0.115234375,3,1,0.1575875486381323,19.264310943786352,-6.650607419307976,16168,8976
7,cuda,1536,environment_oracle,0.9099999666213989,0.9636040925979614,0.969072163105011,0.5097492933273315,3,0,0,0,0.0,0,0,,,,21144,5760
7,cuda,2048,single,0.871666669845581,0.9773635268211365,0.6185566782951355,0.4818941354751587,1,0,0,0,0.0,0,0,0.13813229571984437,,,7096,2048
7,cuda,2048,plain_single,0.8959999680519104,0.9693741798400879,0.8582473993301392,0.47632309794425964,1,0,0,0,0.0,0,0,0.13618677042801555,,,7096,2048
7,cuda,2048,raw_loss,0.8763332962989807,0.946293830871582,0.829896867275238,0.48746517300605774,3,2,0,0,0.0595703125,2,0,0.4727626459143969,,,66285,57028
7,cuda,2048,expected_only,0.871666669845581,0.9773635268211365,0.6185566782951355,0.4818941354751587,1,0,0,0,0.1689453125,0,0,0.0019455252918287938,,,7096,2048
7,cuda,2048,unvalidated,0.8613333106040955,0.9542831778526306,0.6469072103500366,0.5097492933273315,3,2,0,1,0.0673828125,2,0,0.28793774319066145,,-19.008839259921174,90844,82628
7,cuda,2048,joint,0.9110000133514404,0.9751442670822144,0.9407216310501099,0.47632309794425964,2,1,1,0,0.06640625,3,1,0.11867704280155641,22.01798926562473,-4.826572192009239,95368,87188
7,cuda,2048,prototype_joint,0.9036666750907898,0.9649356603622437,0.9510309100151062,0.46796655654907227,2,1,1,0,0.0927734375,3,1,0.13618677042801555,19.264310943786352,-6.650607419307976,17704,9488
7,cuda,2048,environment_oracle,0.9146666526794434,0.9778074026107788,0.9819587469100952,0.44568243622779846,3,0,0,0,0.0,0,0,,,,23192,5760
7,cuda,2560,single,0.843999981880188,0.9280958771705627,0.6958762407302856,0.47632309794425964,1,0,0,0,0.0,0,0,0.11478599221789883,,,8120,2560
7,cuda,2560,plain_single,0.8676666617393494,0.9254328012466431,0.9149484038352966,0.45403897762298584,1,0,0,0,0.0,0,0,0.10116731517509728,,,8120,2560
7,cuda,2560,raw_loss,0.8836666345596313,0.9622725248336792,0.8015463948249817,0.47910863161087036,3,2,0,0,0.05390625,3,1,0.5058365758754864,,,68333,57540
7,cuda,2560,expected_only,0.843999981880188,0.9280958771705627,0.6958762407302856,0.47632309794425964,1,0,0,0,0.194921875,0,0,0.0019455252918287938,,,8120,2560
7,cuda,2560,unvalidated,0.8633333444595337,0.9569463133811951,0.6726803779602051,0.4818941354751587,3,2,0,1,0.0578125,2,0,0.19066147859922178,,-19.037045846758943,92812,83060
7,cuda,2560,joint,0.8836666345596313,0.9414114952087402,0.9355669617652893,0.46518105268478394,2,1,1,0,0.05703125,3,1,0.10894941634241245,22.01798926562473,-4.826572192009239,96824,87620
7,cuda,2560,prototype_joint,0.8779999613761902,0.9334221482276917,0.9458762407302856,0.45682451128959656,2,1,1,0,0.079296875,3,1,0.0933852140077821,19.264310943786352,-6.650607419307976,19240,10000
7,cuda,2560,environment_oracle,0.8996666669845581,0.9627164006233215,0.9639174938201904,0.43454039096832275,3,0,0,0,0.0,0,0,,,,25240,5760
7,cuda,4096,single,0.8853332996368408,0.9440745711326599,0.9201030731201172,0.47910863161087036,1,0,0,0,0.0,0,0,0.09922178988326848,,,11192,4096
7,cuda,4096,plain_single,0.893666684627533,0.9525077939033508,0.9458762407302856,0.46796655654907227,1,0,0,0,0.0,0,0,0.07976653696498054,,,11192,4096
7,cuda,4096,raw_loss,0.8713333010673523,0.9383044838905334,0.8530927300453186,0.470752090215683,3,2,0,0,0.046630859375,4,2,0.46108949416342415,,,74477,59076
7,cuda,4096,expected_only,0.8853332996368408,0.9440745711326599,0.9201030731201172,0.47910863161087036,1,0,0,0,0.163818359375,0,0,0.08560311284046693,,,11192,4096
7,cuda,4096,unvalidated,0.890999972820282,0.9640479683876038,0.8659793734550476,0.4596100151538849,3,2,0,1,0.03955078125,2,0,0.14007782101167315,,-19.03351725178824,98956,84596
7,cuda,4096,joint,0.8799999952316284,0.9383044838905334,0.9097937941551208,0.4818941354751587,2,1,1,0,0.04541015625,4,2,0.11673151750972763,22.01798926562473,-20.231804203328792,121737,108616
7,cuda,4096,prototype_joint,0.9046666622161865,0.9538393616676331,0.9793814420700073,0.5153203010559082,2,1,1,0,0.057861328125,4,2,0.1245136186770428,19.264310943786352,-7.086592298087781,26255,13096
7,cuda,4096,environment_oracle,0.906333327293396,0.9675987958908081,0.9587628841400146,0.46518105268478394,3,0,0,0,0.0,0,0,,,,31384,5760
